,Unnamed: 0,city,area,unit,url
0,0,Tokyo,627.6,km2,https://www.google.com/search?q=Tokyo+surface+area
1,1,Delhi,1.484,km2,https://www.google.com/search?q=Delhi+surface+area
2,2,Shanghai,6.340,km2,https://www.google.com/search?q=Shanghai+surface+area
3,3,Sao Paulo,1.521,km2,https://www.google.com/search?q=Sao+Paulo+surface+area
4,4,Mexico City,1.485,km2,https://www.google.com/search?q=Mexico+City+surface+area
5,5,Dhaka,306.4,km2,https://www.google.com/search?q=Dhaka+surface+area
6,6,Cairo,3.085,km2,https://www.google.com/search?q=Cairo+surface+area
7,7,Beijing,16.411,km2,https://www.google.com/search?q=Beijing+surface+area
8,8,Mumbai,603.4,km2,https://www.google.com/search?q=Mumbai+surface+area
9,9,Osaka,223,km2,https://www.google.com/search?q=Osaka+surface+area
10,10,Karachi,3.780,km2,https://www.google.com/search?q=Karachi+surface+area
11,11,Chongqing,82.300,km2,https://www.google.com/search?q=Chongqing+surface+area
12,12,Istanbul,5.343,km2,https://www.google.com/search?q=Istanbul+surface+area
13,13,Buenos Aires,203,km2,https://www.google.com/search?q=Buenos+Aires+surface+area
14,14,Kolkata,206.1,km2,https://www.google.com/search?q=Kolkata+surface+area
15,15,Kinshasa,9.965,km2,https://www.google.com/search?q=Kinshasa+surface+area
16,16,Lagos,1.171,km2,https://www.google.com/search?q=Lagos+surface+area
17,17,Manila,42.88,km2,https://www.google.com/search?q=Manila+surface+area
18,18,Tianjin,11.760,km2,https://www.google.com/search?q=Tianjin+surface+area
19,19,Guangzhou,7.434,km2,https://www.google.com/search?q=Guangzhou+surface+area
20,20,Rio de Janeiro,1.255,km2,https://www.google.com/search?q=Rio+de+Janeiro+surface+area
21,21,Lahore,1.772,km2,https://www.google.com/search?q=Lahore+surface+area
22,22,Bangalore,741,km2,https://www.google.com/search?q=Bangalore+surface+area
23,23,Moscow,2.511,km2,https://www.google.com/search?q=Moscow+surface+area
24,24,Shenzhen,2.050,km2,https://www.google.com/search?q=Shenzhen+surface+area
25,25,Chennai,426,km2,https://www.google.com/search?q=Chennai+surface+area
26,26,Bogota,1.775,km2,https://www.google.com/search?q=Bogota+surface+area
27,27,Paris,105.4,km2,https://www.google.com/search?q=Paris+surface+area
28,28,Jakarta,661.5,km2,https://www.google.com/search?q=Jakarta+surface+area
29,29,Lima,2.672,km2,https://www.google.com/search?q=Lima+surface+area
30,30,Bangkok,1.569,km2,https://www.google.com/search?q=Bangkok+surface+area
31,31,Hyderabad,650,km2,https://www.google.com/search?q=Hyderabad+surface+area
32,32,Seoul,605.2,km2,https://www.google.com/search?q=Seoul+surface+area
33,33,Nagoya,326.4,km2,https://www.google.com/search?q=Nagoya+surface+area
34,34,London,1.572,km2,https://www.google.com/search?q=London+surface+area
35,35,Chengdu,14.378,km2,https://www.google.com/search?q=Chengdu+surface+area
36,36,Tehran,730,km2,https://www.google.com/search?q=Tehran+surface+area
37,37,Nanjing,6.596,km2,https://www.google.com/search?q=Nanjing+surface+area
38,38,Ho Chi Minh City,2.061,km2,https://www.google.com/search?q=Ho+Chi+Minh+City+surface+area
39,39,Luanda,113,km2,https://www.google.com/search?q=Luanda+surface+area
40,40,Wuhan,8.494,km2,https://www.google.com/search?q=Wuhan+surface+area
41,41,Xi-an Shaanxi,10.097,km2,https://www.google.com/search?q=Xi-an+Shaanxi+surface+area
42,42,Ahmedabad,464,km2,https://www.google.com/search?q=Ahmedabad+surface+area
43,43,New York City,783.8,km2,https://www.google.com/search?q=New+York+City+surface+area
44,44,Kuala Lumpur,243,km2,https://www.google.com/search?q=Kuala+Lumpur+surface+area
45,45,Hangzhou,16.847,km2,https://www.google.com/search?q=Hangzhou+surface+area
46,46,Hong Kong,1.106,km2,https://www.google.com/search?q=Hong+Kong+surface+area
47,47,Surat,474.2,km2,https://www.google.com/search?q=Surat+surface+area
48,48,Dongguan,2.465,km2,https://www.google.com/search?q=Dongguan+surface+area
49,49,Suzhou,8.488,km2,https://www.google.com/search?q=Suzhou+surface+area
50,50,Foshan,3.848,km2,https://www.google.com/search?q=Foshan+surface+area
51,51,Riyadh,1.973,km2,https://www.google.com/search?q=Riyadh+surface+area
52,52,Shenyang,12.942,km2,https://www.google.com/search?q=Shenyang+surface+area
53,53,Baghdad,204.2,km2,https://www.google.com/search?q=Baghdad+surface+area
54,54,Dar es Salaam,1.590,km2,https://www.google.com/search?q=Dar+es+Salaam+surface+area
55,55,Santiago,641,km2,https://www.google.com/search?q=Santiago+surface+area
56,56,Pune,516.2,km2,https://www.google.com/search?q=Pune+surface+area
57,57,Madrid,604.3,km2,https://www.google.com/search?q=Madrid+surface+area
58,58,Haerbin,53.068,km2,https://www.google.com/search?q=Haerbin+surface+area
59,59,Toronto,630.2,km2,https://www.google.com/search?q=Toronto+surface+area
60,60,Belo Horizonte,330.9,km2,https://www.google.com/search?q=Belo+Horizonte+surface+area
61,61,Singapore,728.6,km2,https://www.google.com/search?q=Singapore+surface+area
62,62,Khartoum,1.010,km2,https://www.google.com/search?q=Khartoum+surface+area
63,63,Johannesburg,1.645,km2,https://www.google.com/search?q=Johannesburg+surface+area
64,64,Dalian,13.237,km2,https://www.google.com/search?q=Dalian+surface+area
66,66,Barcelona,101.9,km2,https://www.google.com/search?q=Barcelona+surface+area
67,67,Fukuoka,343.4,km2,https://www.google.com/search?q=Fukuoka+surface+area
68,68,Ji-nan Shandong,10.247,km2,https://www.google.com/search?q=Ji-nan+Shandong+surface+area
69,69,Zhengzhou,7.533,km2,https://www.google.com/search?q=Zhengzhou+surface+area
70,70,Saint Petersburg,1.439,km2,https://www.google.com/search?q=Saint+Petersburg+surface+area
71,71,Yangon,598.8,km2,https://www.google.com/search?q=Yangon+surface+area
72,72,Alexandria,2.679,km2,https://www.google.com/search?q=Alexandria+surface+area
73,73,Abidjan,2.119,km2,https://www.google.com/search?q=Abidjan+surface+area
74,74,Guadalajara,187.9,km2,https://www.google.com/search?q=Guadalajara+surface+area
75,75,Ankara,24.521,km2,https://www.google.com/search?q=Ankara+surface+area
76,76,Chittagong,168.1,km2,https://www.google.com/search?q=Chittagong+surface+area
77,77,Melbourne,9.992,km2,https://www.google.com/search?q=Melbourne+surface+area
78,78,Addis Ababa,527,km2,https://www.google.com/search?q=Addis+Ababa+surface+area
79,79,Sydney,12.368,km2,https://www.google.com/search?q=Sydney+surface+area
80,80,Monterrey,324.4,km2,https://www.google.com/search?q=Monterrey+surface+area
81,81,Nairobi,696,km2,https://www.google.com/search?q=Nairobi+surface+area
82,82,Hanoi,3.359,km2,https://www.google.com/search?q=Hanoi+surface+area
83,83,Brasilia,5.802,km2,https://www.google.com/search?q=Brasilia+surface+area
84,84,Cape Town,400.3,km2,https://www.google.com/search?q=Cape+Town+surface+area
85,85,Jiddah,1.600,km2,https://www.google.com/search?q=Jiddah+surface+area
86,86,Changsha,11.819,km2,https://www.google.com/search?q=Changsha+surface+area
87,87,Kunming,21.501,km2,https://www.google.com/search?q=Kunming+surface+area
88,88,Urumqi,14.577,km2,https://www.google.com/search?q=Urumqi+surface+area
89,89,Changchun,24.734,km2,https://www.google.com/search?q=Changchun+surface+area
90,90,Xinbei,439.2,km2,https://www.google.com/search?q=Xinbei+surface+area
91,91,Shantou,2.248,km2,https://www.google.com/search?q=Shantou+surface+area
92,92,Hefei,11.434,km2,https://www.google.com/search?q=Hefei+surface+area
93,93,Kabul,700,km2,https://www.google.com/search?q=Kabul+surface+area
94,94,Rome,1.285,km2,https://www.google.com/search?q=Rome+surface+area
95,95,Ningbo,9.816,km2,https://www.google.com/search?q=Ningbo+surface+area
96,96,Tel Aviv,52,km2,https://www.google.com/search?q=Tel+Aviv+surface+area
97,97,Montreal,431.5,km2,https://www.google.com/search?q=Montreal+surface+area
98,98,Shijiazhuang,15.849,km2,https://www.google.com/search?q=Shijiazhuang+surface+area
99,99,Recife,218,km2,https://www.google.com/search?q=Recife+surface+area
100,100,Yaounde,180,km2,https://www.google.com/search?q=Yaounde+surface+area
101,101,Porto Alegre,496.8,km2,https://www.google.com/search?q=Porto+Alegre+surface+area
102,102,Fortaleza,313.8,km2,https://www.google.com/search?q=Fortaleza+surface+area
103,103,Kano,499,km2,https://www.google.com/search?q=Kano+surface+area
104,104,Medellin,382,km2,https://www.google.com/search?q=Medellin+surface+area
105,105,Jaipur,467,km2,https://www.google.com/search?q=Jaipur+surface+area
106,106,Los Angeles,1.302,km2,https://www.google.com/search?q=Los+Angeles+surface+area
107,107,Taiyuan Shanxi,6.956,km2,https://www.google.com/search?q=Taiyuan+Shanxi+surface+area
108,108,Nanning,22.189,km2,https://www.google.com/search?q=Nanning+surface+area
110,110,Salvador,21.041,km2,https://www.google.com/search?q=Salvador+surface+area
112,112,Douala,210,km2,https://www.google.com/search?q=Douala+surface+area
113,113,Xiamen,1.701,km2,https://www.google.com/search?q=Xiamen+surface+area
114,114,Lucknow,631,km2,https://www.google.com/search?q=Lucknow+surface+area
115,115,Fuzhou Fujian,12.232,km2,https://www.google.com/search?q=Fuzhou+Fujian+surface+area
116,116,Changzhou,4.385,km2,https://www.google.com/search?q=Changzhou+surface+area
117,117,Kozhikode,118,km2,https://www.google.com/search?q=Kozhikode+surface+area
118,118,Curitiba,432,km2,https://www.google.com/search?q=Curitiba+surface+area
119,119,Wenzhou,11.784,km2,https://www.google.com/search?q=Wenzhou+surface+area
120,120,Nanchang,7.194,km2,https://www.google.com/search?q=Nanchang+surface+area
121,121,Ibadan,3.080,km2,https://www.google.com/search?q=Ibadan+surface+area
122,122,Malappuram,3.554,km2,https://www.google.com/search?q=Malappuram+surface+area
123,123,Berlin,891.8,km2,https://www.google.com/search?q=Berlin+surface+area
125,125,Faisalabad,1.300,km2,https://www.google.com/search?q=Faisalabad+surface+area
126,126,Antananarivo,85.01,km2,https://www.google.com/search?q=Antananarivo+surface+area
127,127,Bekasi,210.5,km2,https://www.google.com/search?q=Bekasi+surface+area
128,128,Kumasi,254,km2,https://www.google.com/search?q=Kumasi+surface+area
129,129,Kampala,189,km2,https://www.google.com/search?q=Kampala+surface+area
130,130,Busan,770,km2,https://www.google.com/search?q=Busan+surface+area
131,131,Abuja,1.769,km2,https://www.google.com/search?q=Abuja+surface+area
132,132,Guiyang,8.034,km2,https://www.google.com/search?q=Guiyang+surface+area
133,133,Asuncion,117,km2,https://www.google.com/search?q=Asuncion+surface+area
134,134,Santo Domingo,104.4,km2,https://www.google.com/search?q=Santo+Domingo+surface+area
135,135,Campinas,795.7,km2,https://www.google.com/search?q=Campinas+surface+area
136,136,Wuxi,4.628,km2,https://www.google.com/search?q=Wuxi+surface+area
137,137,Mashhad,328,km2,https://www.google.com/search?q=Mashhad+surface+area
138,138,Puebla,546,km2,https://www.google.com/search?q=Puebla+surface+area
139,139,Dakar,83,km2,https://www.google.com/search?q=Dakar+surface+area
140,140,Thrissur,101.4,km2,https://www.google.com/search?q=Thrissur+surface+area
141,141,Kochi,94.88,km2,https://www.google.com/search?q=Kochi+surface+area
142,142,Kuwait City,200,km2,https://www.google.com/search?q=Kuwait+City+surface+area
143,143,Durban,2.292,km2,https://www.google.com/search?q=Durban+surface+area
144,144,Port Harcourt,369,km2,https://www.google.com/search?q=Port+Harcourt+surface+area
145,145,Lanzhou,13.087,km2,https://www.google.com/search?q=Lanzhou+surface+area
146,146,Kanpur,260,km2,https://www.google.com/search?q=Kanpur+surface+area
147,147,Athens,38.96,km2,https://www.google.com/search?q=Athens+surface+area
148,148,Milan,181.8,km2,https://www.google.com/search?q=Milan+surface+area
149,149,Indore,525,km2,https://www.google.com/search?q=Indore+surface+area
150,150,Pyongyang,2.000,km2,https://www.google.com/search?q=Pyongyang+surface+area
152,152,Guayaquil,344.5,km2,https://www.google.com/search?q=Guayaquil+surface+area
153,153,Izmir,11.891,km2,https://www.google.com/search?q=Izmir+surface+area
154,154,Kiev,839,km2,https://www.google.com/search?q=Kiev+surface+area
155,155,Guatemala City,220,km2,https://www.google.com/search?q=Guatemala+City+surface+area
156,156,Surabaya,326.8,km2,https://www.google.com/search?q=Surabaya+surface+area
157,157,Lisbon,100,km2,https://www.google.com/search?q=Lisbon+surface+area
158,158,Caracas,433,km2,https://www.google.com/search?q=Caracas+surface+area
160,160,Nagpur,393.5,km2,https://www.google.com/search?q=Nagpur+surface+area
161,161,Shizuoka,7.777,km2,https://www.google.com/search?q=Shizuoka+surface+area
162,162,Dubai,35,km2,https://www.google.com/search?q=Dubai+surface+area
163,163,Ouagadougou,520,km2,https://www.google.com/search?q=Ouagadougou+surface+area
164,164,Lusaka,418,km2,https://www.google.com/search?q=Lusaka+surface+area
165,165,Coimbatore,246.8,km2,https://www.google.com/search?q=Coimbatore+surface+area
166,166,Port-au-Prince,36.04,km2,https://www.google.com/search?q=Port-au-Prince+surface+area
169,169,Incheon,1.063,km2,https://www.google.com/search?q=Incheon+surface+area
170,170,Cali,423.970,km2,https://www.google.com/search?q=Cali+surface+area
171,171,Algiers,363,km2,https://www.google.com/search?q=Algiers+surface+area
173,173,Manchester,115.6,km2,https://www.google.com/search?q=Manchester+surface+area
174,174,Goiania,728.8,km2,https://www.google.com/search?q=Goiania+surface+area
176,176,Taibei,271.8,km2,https://www.google.com/search?q=Taibei+surface+area
177,177,Bamako,245,km2,https://www.google.com/search?q=Bamako+surface+area
178,178,Thiruvananthapuram,214,km2,https://www.google.com/search?q=Thiruvananthapuram+surface+area
180,180,Chicago,606.1,km2,https://www.google.com/search?q=Chicago+surface+area
181,181,Sapporo,1.121,km2,https://www.google.com/search?q=Sapporo+surface+area
182,182,Pretoria,687.5,km2,https://www.google.com/search?q=Pretoria+surface+area
183,183,Mbuji-Mayi,135.1,km2,https://www.google.com/search?q=Mbuji-Mayi+surface+area
185,185,Birmingham,267.8,km2,https://www.google.com/search?q=Birmingham+surface+area
186,186,Yantai,13.740,km2,https://www.google.com/search?q=Yantai+surface+area
187,187,Bandung,167.3,km2,https://www.google.com/search?q=Bandung+surface+area
188,188,Vancouver,115,km2,https://www.google.com/search?q=Vancouver+surface+area
191,191,Accra,225.7,km2,https://www.google.com/search?q=Accra+surface+area
192,192,Tashkent,334.8,km2,https://www.google.com/search?q=Tashkent+surface+area
194,194,Patna,250,km2,https://www.google.com/search?q=Patna+surface+area
195,195,Brazzaville,263.9,km2,https://www.google.com/search?q=Brazzaville+surface+area
196,196,Luoyang,15.229,km2,https://www.google.com/search?q=Luoyang+surface+area
197,197,Bhopal,463,km2,https://www.google.com/search?q=Bhopal+surface+area
198,198,San Juan,199.4,km2,https://www.google.com/search?q=San+Juan+surface+area
199,199,Damascus,105,km2,https://www.google.com/search?q=Damascus+surface+area
200,200,Brisbane,15.826,km2,https://www.google.com/search?q=Brisbane+surface+area
201,201,Beirut,19.8,km2,https://www.google.com/search?q=Beirut+surface+area
202,202,Tunis,163.610,km2,https://www.google.com/search?q=Tunis+surface+area
203,203,Tangerang,164.6,km2,https://www.google.com/search?q=Tangerang+surface+area
204,204,Mogadishu,637,km2,https://www.google.com/search?q=Mogadishu+surface+area
205,205,Baku,2.140,km2,https://www.google.com/search?q=Baku+surface+area
206,206,Medan,265.1,km2,https://www.google.com/search?q=Medan+surface+area
209,209,Sendai,785.8,km2,https://www.google.com/search?q=Sendai+surface+area
210,210,Houston,1.733,km2,https://www.google.com/search?q=Houston+surface+area
211,211,Manaus,11.401,km2,https://www.google.com/search?q=Manaus+surface+area
212,212,Barranquilla,154,km2,https://www.google.com/search?q=Barranquilla+surface+area
213,213,Maracaibo,550,km2,https://www.google.com/search?q=Maracaibo+surface+area
214,214,Gujranwala,240,km2,https://www.google.com/search?q=Gujranwala+surface+area
215,215,Rawalpindi,259,km2,https://www.google.com/search?q=Rawalpindi+surface+area
216,216,Peshawar,215,km2,https://www.google.com/search?q=Peshawar+surface+area
218,218,Agra,121,km2,https://www.google.com/search?q=Agra+surface+area
220,220,Baotou,27.768,km2,https://www.google.com/search?q=Baotou+surface+area
221,221,Vadodara,220.3,km2,https://www.google.com/search?q=Vadodara+surface+area
222,222,Kannur,78.35,km2,https://www.google.com/search?q=Kannur+surface+area
223,223,Liuzhou,18.677,km2,https://www.google.com/search?q=Liuzhou+surface+area
224,224,Visakhapatnam,682,km2,https://www.google.com/search?q=Visakhapatnam+surface+area
225,225,Xuzhou,11.259,km2,https://www.google.com/search?q=Xuzhou+surface+area
226,226,Daegu,883.5,km2,https://www.google.com/search?q=Daegu+surface+area
227,227,Naples,119,km2,https://www.google.com/search?q=Naples+surface+area
228,228,Amman,1.680,km2,https://www.google.com/search?q=Amman+surface+area
229,229,Tijuana,637,km2,https://www.google.com/search?q=Tijuana+surface+area
230,230,Esfahan,551,km2,https://www.google.com/search?q=Esfahan+surface+area
231,231,Phnom Penh,679,km2,https://www.google.com/search?q=Phnom+Penh+surface+area
232,232,Havana,728.3,km2,https://www.google.com/search?q=Havana+surface+area
233,233,Nashik,264.2,km2,https://www.google.com/search?q=Nashik+surface+area
235,235,Vijayawada,61.88,km2,https://www.google.com/search?q=Vijayawada+surface+area
236,236,Brussels,32.61,km2,https://www.google.com/search?q=Brussels+surface+area
238,238,Hiroshima,906.7,km2,https://www.google.com/search?q=Hiroshima+surface+area
239,239,Perth,6.418,km2,https://www.google.com/search?q=Perth+surface+area
240,240,Multan,286,km2,https://www.google.com/search?q=Multan+surface+area
242,242,Minsk,348.8,km2,https://www.google.com/search?q=Minsk+surface+area
244,244,Baoding,22.185,km2,https://www.google.com/search?q=Baoding+surface+area
245,245,Aleppo,190,km2,https://www.google.com/search?q=Aleppo+surface+area
247,247,Taizhou Zhejiang,9.411,km2,https://www.google.com/search?q=Taizhou+Zhejiang+surface+area
248,248,Conakry,450,km2,https://www.google.com/search?q=Conakry+surface+area
249,249,Linyi Shandong,17.192,km2,https://www.google.com/search?q=Linyi+Shandong+surface+area
251,251,Vienna,414.6,km2,https://www.google.com/search?q=Vienna+surface+area
252,252,Kollam,73.03,km2,https://www.google.com/search?q=Kollam+surface+area
253,253,Valencia,134.6,km2,https://www.google.com/search?q=Valencia+surface+area
254,254,Rajkot,686,km2,https://www.google.com/search?q=Rajkot+surface+area
255,255,Haikou,2.237,km2,https://www.google.com/search?q=Haikou+surface+area
256,256,Almaty,682,km2,https://www.google.com/search?q=Almaty+surface+area
258,258,Yancheng Jiangsu,16.921,km2,https://www.google.com/search?q=Yancheng+Jiangsu+surface+area
260,260,Rabat,117,km2,https://www.google.com/search?q=Rabat+surface+area
261,261,West Yorkshire,2.029,km2,https://www.google.com/search?q=West+Yorkshire+surface+area
263,263,Quito,372.4,km2,https://www.google.com/search?q=Quito+surface+area
264,264,Panama City,75.517,km2,https://www.google.com/search?q=Panama+City+surface+area
265,265,Hyderabad,650,km2,https://www.google.com/search?q=Hyderabad+surface+area
266,266,Ludhiana,159,km2,https://www.google.com/search?q=Ludhiana+surface+area
267,267,La Paz,472,km2,https://www.google.com/search?q=La+Paz+surface+area
269,269,Lome,333,km2,https://www.google.com/search?q=Lome+surface+area
270,270,Davao City,2.444,km2,https://www.google.com/search?q=Davao+City+surface+area
273,273,Turin,130.2,km2,https://www.google.com/search?q=Turin+surface+area
274,274,Bucharest,228,km2,https://www.google.com/search?q=Bucharest+surface+area
275,275,Adana,1.945,km2,https://www.google.com/search?q=Adana+surface+area
276,276,Warsaw,517.2,km2,https://www.google.com/search?q=Warsaw+surface+area
277,277,Hamburg,755.2,km2,https://www.google.com/search?q=Hamburg+surface+area
279,279,Benin City,1.204,km2,https://www.google.com/search?q=Benin+City+surface+area
280,280,Budapest,525.2,km2,https://www.google.com/search?q=Budapest+surface+area
281,281,Madurai,148,km2,https://www.google.com/search?q=Madurai+surface+area
282,282,Montevideo,200,km2,https://www.google.com/search?q=Montevideo+surface+area
283,283,Quanzhou,11.219,km2,https://www.google.com/search?q=Quanzhou+surface+area
284,284,Palembang,400.6,km2,https://www.google.com/search?q=Palembang+surface+area
285,285,Santa Cruz,41,km2,https://www.google.com/search?q=Santa+Cruz+surface+area
287,287,Gaziantep,6.819,km2,https://www.google.com/search?q=Gaziantep+surface+area
288,288,Sharjah,235.5,km2,https://www.google.com/search?q=Sharjah+surface+area
289,289,Phoenix,1.338,km2,https://www.google.com/search?q=Phoenix+surface+area
290,290,Lyon,47.87,km2,https://www.google.com/search?q=Lyon+surface+area
291,291,Meerut,450,km2,https://www.google.com/search?q=Meerut+surface+area
292,292,Jiangmen,9.443,km2,https://www.google.com/search?q=Jiangmen+surface+area
293,293,Can Tho,1.439,km2,https://www.google.com/search?q=Can+Tho+surface+area
294,294,Raipur,226,km2,https://www.google.com/search?q=Raipur+surface+area
297,297,Mosul,180,km2,https://www.google.com/search?q=Mosul+surface+area
298,298,Glasgow,175,km2,https://www.google.com/search?q=Glasgow+surface+area
299,299,Novosibirsk,502.7,km2,https://www.google.com/search?q=Novosibirsk+surface+area
303,303,Stockholm,188,km2,https://www.google.com/search?q=Stockholm+surface+area
305,305,Auckland,1.086,km2,https://www.google.com/search?q=Auckland+surface+area
306,306,Jamshedpur,224,km2,https://www.google.com/search?q=Jamshedpur+surface+area
307,307,Tabriz,324,km2,https://www.google.com/search?q=Tabriz+surface+area
308,308,Yinchuan,8.875,km2,https://www.google.com/search?q=Yinchuan+surface+area
309,309,Jilin,27.166,km2,https://www.google.com/search?q=Jilin+surface+area
310,310,Srinagar,294,km2,https://www.google.com/search?q=Srinagar+surface+area
311,311,Batam,1.595,km2,https://www.google.com/search?q=Batam+surface+area
312,312,Ulaanbaatar,4.704,km2,https://www.google.com/search?q=Ulaanbaatar+surface+area
313,313,Marseille,240.6,km2,https://www.google.com/search?q=Marseille+surface+area
314,314,Makassar,175.8,km2,https://www.google.com/search?q=Makassar+surface+area
316,316,Aurangabad,139,km2,https://www.google.com/search?q=Aurangabad+surface+area
317,317,Muscat,3.500,km2,https://www.google.com/search?q=Muscat+surface+area
319,319,Philadelphia,367,km2,https://www.google.com/search?q=Philadelphia+surface+area
321,321,Qiqihaer,42.206,km2,https://www.google.com/search?q=Qiqihaer+surface+area
322,322,Xining,7.596,km2,https://www.google.com/search?q=Xining+surface+area
324,324,San Antonio,1.307,km2,https://www.google.com/search?q=San+Antonio+surface+area
325,325,Calgary,825.3,km2,https://www.google.com/search?q=Calgary+surface+area
327,327,Daejon,539.8,km2,https://www.google.com/search?q=Daejon+surface+area
328,328,Monrovia,35.59,km2,https://www.google.com/search?q=Monrovia+surface+area
329,329,Tiruppur,159.6,km2,https://www.google.com/search?q=Tiruppur+surface+area
331,331,Munich,310.7,km2,https://www.google.com/search?q=Munich+surface+area
333,333,Harare,960.6,km2,https://www.google.com/search?q=Harare+surface+area
334,334,Ciudad Juarez,321.2,km2,https://www.google.com/search?q=Ciudad+Juarez+surface+area
336,336,Kananga,743,km2,https://www.google.com/search?q=Kananga+surface+area
337,337,Gwangju,501.2,km2,https://www.google.com/search?q=Gwangju+surface+area
338,338,Suqian,8.555,km2,https://www.google.com/search?q=Suqian+surface+area
341,341,Yekaterinburg,468,km2,https://www.google.com/search?q=Yekaterinburg+surface+area
342,342,Abu Dhabi,972,km2,https://www.google.com/search?q=Abu+Dhabi+surface+area
343,343,Jodhpur,233.5,km2,https://www.google.com/search?q=Jodhpur+surface+area
345,345,Edmonton,684.4,km2,https://www.google.com/search?q=Edmonton+surface+area
347,347,Tegucigalpa,1.502,km2,https://www.google.com/search?q=Tegucigalpa+surface+area
348,348,Onitsha,52,km2,https://www.google.com/search?q=Onitsha+surface+area
349,349,N-Djamena,104,km2,https://www.google.com/search?q=N-Djamena+surface+area
350,350,Ranchi,175.1,km2,https://www.google.com/search?q=Ranchi+surface+area
351,351,Kathmandu,49.45,km2,https://www.google.com/search?q=Kathmandu+surface+area
352,352,Jabalpur,367,km2,https://www.google.com/search?q=Jabalpur+surface+area
353,353,Mandalay,163.8,km2,https://www.google.com/search?q=Mandalay+surface+area
356,356,Asansol,326,km2,https://www.google.com/search?q=Asansol+surface+area
358,358,Kota,570.4,km2,https://www.google.com/search?q=Kota+surface+area
359,359,San Diego,964.5,km2,https://www.google.com/search?q=San+Diego+surface+area
360,360,Kharkiv,350,km2,https://www.google.com/search?q=Kharkiv+surface+area
361,361,San Jose,469.7,km2,https://www.google.com/search?q=San+Jose+surface+area
363,363,Allahabad,365,km2,https://www.google.com/search?q=Allahabad+surface+area
364,364,Gwalior,289,km2,https://www.google.com/search?q=Gwalior+surface+area
365,365,Ottawa,2.790,km2,https://www.google.com/search?q=Ottawa+surface+area
366,366,Zurich,87.88,km2,https://www.google.com/search?q=Zurich+surface+area
367,367,Belgrade,360,km2,https://www.google.com/search?q=Belgrade+surface+area
368,368,Amritsar,139,km2,https://www.google.com/search?q=Amritsar+surface+area
369,369,Joao Pessoa,211.5,km2,https://www.google.com/search?q=Joao+Pessoa+surface+area
371,371,Basra,181,km2,https://www.google.com/search?q=Basra+surface+area
372,372,Taizhou Jiangsu,5.787,km2,https://www.google.com/search?q=Taizhou+Jiangsu+surface+area
373,373,Nouakchott,1.036,km2,https://www.google.com/search?q=Nouakchott+surface+area
374,374,Queretaro,363,km2,https://www.google.com/search?q=Queretaro+surface+area
375,375,Taian Shandong,7.762,km2,https://www.google.com/search?q=Taian+Shandong+surface+area
376,376,Homs,48,km2,https://www.google.com/search?q=Homs+surface+area
377,377,Copenhagen,88.25,km2,https://www.google.com/search?q=Copenhagen+surface+area
378,378,Konya,38.873,km2,https://www.google.com/search?q=Konya+surface+area
380,380,Dhanbad,275,km2,https://www.google.com/search?q=Dhanbad+surface+area
382,382,Dallas,620.4,km2,https://www.google.com/search?q=Dallas+surface+area
383,383,Ganzhou,7.434,km2,https://www.google.com/search?q=Ganzhou+surface+area
384,384,Adelaide,3.260,km2,https://www.google.com/search?q=Adelaide+surface+area
385,385,Hai Phong,1.562,km2,https://www.google.com/search?q=Hai+Phong+surface+area
386,386,Mombasa,294.7,km2,https://www.google.com/search?q=Mombasa+surface+area
389,389,Cochabamba,291,km2,https://www.google.com/search?q=Cochabamba+surface+area
390,390,Niamey,239.3,km2,https://www.google.com/search?q=Niamey+surface+area
394,394,Jiaxing,4.009,km2,https://www.google.com/search?q=Jiaxing+surface+area
396,396,Helsinki,213.8,km2,https://www.google.com/search?q=Helsinki+surface+area
397,397,Porto,41.42,km2,https://www.google.com/search?q=Porto+surface+area
398,398,Zhanjiang,13.225,km2,https://www.google.com/search?q=Zhanjiang+surface+area
401,401,Kisangani,1.910,km2,https://www.google.com/search?q=Kisangani+surface+area
402,402,Prague,496,km2,https://www.google.com/search?q=Prague+surface+area
403,403,Dongying,7.923,km2,https://www.google.com/search?q=Dongying+surface+area
405,405,Mianyang Sichuan,20.267,km2,https://www.google.com/search?q=Mianyang+Sichuan+surface+area
406,406,Nanchong,12.480,km2,https://www.google.com/search?q=Nanchong+surface+area
407,407,Fushun Liaoning,11.272,km2,https://www.google.com/search?q=Fushun+Liaoning+surface+area
408,408,Antalya,1.417,km2,https://www.google.com/search?q=Antalya+surface+area
409,409,Bareilly,106,km2,https://www.google.com/search?q=Bareilly+surface+area
412,412,Kazan,515.8,km2,https://www.google.com/search?q=Kazan+surface+area
413,413,Ad-Dammam,800,km2,https://www.google.com/search?q=Ad-Dammam+surface+area
414,414,Port Elizabeth,251,km2,https://www.google.com/search?q=Port+Elizabeth+surface+area
415,415,Ahvaz,185,km2,https://www.google.com/search?q=Ahvaz+surface+area
417,417,Florianopolis,675.4,km2,https://www.google.com/search?q=Florianopolis+surface+area
418,418,Nizhniy Novgorod,460,km2,https://www.google.com/search?q=Nizhniy+Novgorod+surface+area
419,419,Pointe-Noire,43.7,km2,https://www.google.com/search?q=Pointe-Noire+surface+area
424,424,Dublin,117.8,km2,https://www.google.com/search?q=Dublin+surface+area
425,425,Maoming,11.425,km2,https://www.google.com/search?q=Maoming+surface+area
429,429,Freetown,81.48,km2,https://www.google.com/search?q=Freetown+surface+area
430,430,San Luis Potosi,385,km2,https://www.google.com/search?q=San+Luis+Potosi+surface+area
431,431,Mysore,155,km2,https://www.google.com/search?q=Mysore+surface+area
432,432,Chelyabinsk,530,km2,https://www.google.com/search?q=Chelyabinsk+surface+area
433,433,Moradabad,79,km2,https://www.google.com/search?q=Moradabad+surface+area
434,434,Barquisimeto,353,km2,https://www.google.com/search?q=Barquisimeto+surface+area
435,435,Durg-Bhilainagar,182,km2,https://www.google.com/search?q=Durg-Bhilainagar+surface+area
436,436,Suzhou,8.488,km2,https://www.google.com/search?q=Suzhou+surface+area
437,437,Maracay,311.6,km2,https://www.google.com/search?q=Maracay+surface+area
438,438,Astana,722,km2,https://www.google.com/search?q=Astana+surface+area
440,440,Ruian,17.130.000,km2,https://www.google.com/search?q=Ruian+surface+area
441,441,Uyo,362,km2,https://www.google.com/search?q=Uyo+surface+area
442,442,Zhenjiang Jiangsu,3.837,km2,https://www.google.com/search?q=Zhenjiang+Jiangsu+surface+area
443,443,Baoji,18.712,km2,https://www.google.com/search?q=Baoji+surface+area
446,446,Bhubaneswar,422,km2,https://www.google.com/search?q=Bhubaneswar+surface+area
447,447,Pingdingshan Henan,7.882,km2,https://www.google.com/search?q=Pingdingshan+Henan+surface+area
449,449,Mendoza,54,km2,https://www.google.com/search?q=Mendoza+surface+area
451,451,Chiang Mai,40.22,km2,https://www.google.com/search?q=Chiang+Mai+surface+area
452,452,Mwanza,9.467,km2,https://www.google.com/search?q=Mwanza+surface+area
453,453,Tiruchirappalli,167.2,km2,https://www.google.com/search?q=Tiruchirappalli+surface+area
454,454,Omsk,573,km2,https://www.google.com/search?q=Omsk+surface+area
457,457,Huaibei,2.741,km2,https://www.google.com/search?q=Huaibei+surface+area
458,458,Lilongwe,727.8,km2,https://www.google.com/search?q=Lilongwe+surface+area
459,459,Nanyang Henan,26.591,km2,https://www.google.com/search?q=Nanyang+Henan+surface+area
460,460,Jinhua,10.926,km2,https://www.google.com/search?q=Jinhua+surface+area
462,462,Kigali,730,km2,https://www.google.com/search?q=Kigali+surface+area
463,463,Tripoli,1.507,km2,https://www.google.com/search?q=Tripoli+surface+area
464,464,Chandigarh,114,km2,https://www.google.com/search?q=Chandigarh+surface+area
466,466,Islamabad,906.5,km2,https://www.google.com/search?q=Islamabad+surface+area
468,468,Amsterdam,219.3,km2,https://www.google.com/search?q=Amsterdam+surface+area
470,470,Haifa,63.66,km2,https://www.google.com/search?q=Haifa+surface+area
471,471,Guilin,27.797,km2,https://www.google.com/search?q=Guilin+surface+area
472,472,Krasnoyarsk,348,km2,https://www.google.com/search?q=Krasnoyarsk+surface+area
473,473,Mexicali,113.7,km2,https://www.google.com/search?q=Mexicali+surface+area
474,474,Ufa,707.9,km2,https://www.google.com/search?q=Ufa+surface+area
475,475,Rostov-on-Don,354,km2,https://www.google.com/search?q=Rostov-on-Don+surface+area
476,476,Hubli-Dharwad,404,km2,https://www.google.com/search?q=Hubli-Dharwad+surface+area
477,477,Guwahati,216,km2,https://www.google.com/search?q=Guwahati+surface+area
478,478,Kaduna,431,km2,https://www.google.com/search?q=Kaduna+surface+area
479,479,Bukavu,45,km2,https://www.google.com/search?q=Bukavu+surface+area
480,480,Liupanshui,9.926,km2,https://www.google.com/search?q=Liupanshui+surface+area
481,481,Quetta,178,km2,https://www.google.com/search?q=Quetta+surface+area
482,482,Cologne,405.2,km2,https://www.google.com/search?q=Cologne+surface+area
483,483,Aguascalientes,385,km2,https://www.google.com/search?q=Aguascalientes+surface+area
484,484,Binzhou,9.453,km2,https://www.google.com/search?q=Binzhou+surface+area
485,485,Salem,124,km2,https://www.google.com/search?q=Salem+surface+area
487,487,Maputo,347.7,km2,https://www.google.com/search?q=Maputo+surface+area
493,493,San Salvador,21.041,km2,https://www.google.com/search?q=San+Salvador+surface+area
499,499,Saharanpur,46.74,km2,https://www.google.com/search?q=Saharanpur+surface+area
500,500,Shimkent,1.170,km2,https://www.google.com/search?q=Shimkent+surface+area
502,502,Yerevan,223,km2,https://www.google.com/search?q=Yerevan+surface+area
504,504,Tbilisi,726,km2,https://www.google.com/search?q=Tbilisi+surface+area
508,508,Bujumbura,105,km2,https://www.google.com/search?q=Bujumbura+surface+area
509,509,Jalandhar,110,km2,https://www.google.com/search?q=Jalandhar+surface+area
510,510,Managua,267,km2,https://www.google.com/search?q=Managua+surface+area
514,514,Lille,34.8,km2,https://www.google.com/search?q=Lille+surface+area
516,516,Bishkek,127,km2,https://www.google.com/search?q=Bishkek+surface+area
519,519,Siliguri,41.9,km2,https://www.google.com/search?q=Siliguri+surface+area
520,520,Oslo,454,km2,https://www.google.com/search?q=Oslo+surface+area
523,523,Jingzhou Hubei,14.069,km2,https://www.google.com/search?q=Jingzhou+Hubei+surface+area
525,525,Zhaoqing,15.056,km2,https://www.google.com/search?q=Zhaoqing+surface+area
526,526,Antwerp,204.5,km2,https://www.google.com/search?q=Antwerp+surface+area
530,530,Johor Bahru,220,km2,https://www.google.com/search?q=Johor+Bahru+surface+area
531,531,Solapur,98.67,km2,https://www.google.com/search?q=Solapur+surface+area
535,535,Hargeysa,78,km2,https://www.google.com/search?q=Hargeysa+surface+area
536,536,Teresina,1.392,km2,https://www.google.com/search?q=Teresina+surface+area
538,538,Fuzhou Jiangxi,18.800,km2,https://www.google.com/search?q=Fuzhou+Jiangxi+surface+area
539,539,Aracaju,181.9,km2,https://www.google.com/search?q=Aracaju+surface+area
541,541,Leshan,12.827,km2,https://www.google.com/search?q=Leshan+surface+area
544,544,Marrakech,230,km2,https://www.google.com/search?q=Marrakech+surface+area
547,547,Rotterdam,324.1,km2,https://www.google.com/search?q=Rotterdam+surface+area
549,549,Austin,704,km2,https://www.google.com/search?q=Austin+surface+area
550,550,San Jose,469.7,km2,https://www.google.com/search?q=San+Jose+surface+area
551,551,Denpasar,124,km2,https://www.google.com/search?q=Denpasar+surface+area
552,552,Odesa,162.4,km2,https://www.google.com/search?q=Odesa+surface+area
557,557,San Miguel de Tucuman,91,km2,https://www.google.com/search?q=San+Miguel+de+Tucuman+surface+area
558,558,Asmara,45,km2,https://www.google.com/search?q=Asmara+surface+area
559,559,Padang,695,km2,https://www.google.com/search?q=Padang+surface+area
560,560,Cebu City,291.2,km2,https://www.google.com/search?q=Cebu+City+surface+area
561,561,Acapulco de Juarez,119,km2,https://www.google.com/search?q=Acapulco+de+Juarez+surface+area
562,562,Valparaiso,401.6,km2,https://www.google.com/search?q=Valparaiso+surface+area
565,565,Kayseri,17.043,km2,https://www.google.com/search?q=Kayseri+surface+area
566,566,Warangal,407,km2,https://www.google.com/search?q=Warangal+surface+area
567,567,Changshu,1.264,km2,https://www.google.com/search?q=Changshu+surface+area
568,568,Bordeaux,49.36,km2,https://www.google.com/search?q=Bordeaux+surface+area
569,569,Songkhla,9.27,km2,https://www.google.com/search?q=Songkhla+surface+area
572,572,Yichun Jiangxi,18.638,km2,https://www.google.com/search?q=Yichun+Jiangxi+surface+area
573,573,Krasnodar,339.3,km2,https://www.google.com/search?q=Krasnodar+surface+area
574,574,Ilorin,765,km2,https://www.google.com/search?q=Ilorin+surface+area
575,575,Cancun,1.979,km2,https://www.google.com/search?q=Cancun+surface+area
579,579,Jixi Heilongjiang,22.488,km2,https://www.google.com/search?q=Jixi+Heilongjiang+surface+area
580,580,Blantyre-Limbe,240,km2,https://www.google.com/search?q=Blantyre-Limbe+surface+area
581,581,Morelia,1.336,km2,https://www.google.com/search?q=Morelia+surface+area
583,583,Dnipro,409.7,km2,https://www.google.com/search?q=Dnipro+surface+area
584,584,Khulna,150.6,km2,https://www.google.com/search?q=Khulna+surface+area
585,585,Jerusalem,125.1,km2,https://www.google.com/search?q=Jerusalem+surface+area
588,588,Dehradun,196.5,km2,https://www.google.com/search?q=Dehradun+surface+area
590,590,Fort Worth,920.9,km2,https://www.google.com/search?q=Fort+Worth+surface+area
594,594,Dushanbe,126.6,km2,https://www.google.com/search?q=Dushanbe+surface+area
596,596,Jiujiang,18.823,km2,https://www.google.com/search?q=Jiujiang+surface+area
597,597,Southampton,51.47,km2,https://www.google.com/search?q=Southampton+surface+area
599,599,Arequipa,3.057,km2,https://www.google.com/search?q=Arequipa+surface+area
600,600,Ciudad Guayana,560,km2,https://www.google.com/search?q=Ciudad+Guayana+surface+area
601,601,Zamboanga City,1.453,km2,https://www.google.com/search?q=Zamboanga+City+surface+area
602,602,Veracruz,71.820,km2,https://www.google.com/search?q=Veracruz+surface+area
603,603,Jacksonville,2.265,km2,https://www.google.com/search?q=Jacksonville+surface+area
606,606,Pathum Thani,1.526,km2,https://www.google.com/search?q=Pathum+Thani+surface+area
607,607,Rajshahi,96.68,km2,https://www.google.com/search?q=Rajshahi+surface+area
609,609,Misratah,29.172,km2,https://www.google.com/search?q=Misratah+surface+area
610,610,Guigang,10.601,km2,https://www.google.com/search?q=Guigang+surface+area
614,614,Columbus,585.3,km2,https://www.google.com/search?q=Columbus+surface+area
617,617,Charlotte,771,km2,https://www.google.com/search?q=Charlotte+surface+area
618,618,Ulsan,1.057,km2,https://www.google.com/search?q=Ulsan+surface+area
619,619,Bangui,67,km2,https://www.google.com/search?q=Bangui+surface+area
622,622,Owerri,65,km2,https://www.google.com/search?q=Owerri+surface+area
624,624,Liverpool,111.8,km2,https://www.google.com/search?q=Liverpool+surface+area
625,625,Antipolo,306,km2,https://www.google.com/search?q=Antipolo+surface+area
627,627,Zhangzhou,12.882,km2,https://www.google.com/search?q=Zhangzhou+surface+area
628,628,Bergamo,40.16,km2,https://www.google.com/search?q=Bergamo+surface+area
629,629,Donetsk,358,km2,https://www.google.com/search?q=Donetsk+surface+area
634,634,Malang,110.1,km2,https://www.google.com/search?q=Malang+surface+area
638,638,Linfen,20.275,km2,https://www.google.com/search?q=Linfen+surface+area
640,640,Sylhet,26.5,km2,https://www.google.com/search?q=Sylhet+surface+area
642,642,Indianapolis,953,km2,https://www.google.com/search?q=Indianapolis+surface+area
643,643,Nampula,3.650,km2,https://www.google.com/search?q=Nampula+surface+area
645,645,Hermosillo,168.2,km2,https://www.google.com/search?q=Hermosillo+surface+area
646,646,San Francisco,121.4,km2,https://www.google.com/search?q=San+Francisco+surface+area
649,649,Guntur,168.4,km2,https://www.google.com/search?q=Guntur+surface+area
652,652,Lubango,3.147,km2,https://www.google.com/search?q=Lubango+surface+area
654,654,Bahawalpur,246,km2,https://www.google.com/search?q=Bahawalpur+surface+area
656,656,Tyumen,698.5,km2,https://www.google.com/search?q=Tyumen+surface+area
657,657,Soshanguve,126.8,km2,https://www.google.com/search?q=Soshanguve+surface+area
658,658,Tuxtla Gutierrez,500,km2,https://www.google.com/search?q=Tuxtla+Gutierrez+surface+area
659,659,Ashgabat,917.6,km2,https://www.google.com/search?q=Ashgabat+surface+area
664,664,Puducherry,19.54,km2,https://www.google.com/search?q=Puducherry+surface+area
665,665,Culiacan,65,km2,https://www.google.com/search?q=Culiacan+surface+area
673,673,Libreville,189,km2,https://www.google.com/search?q=Libreville+surface+area
675,675,Saratov,394,km2,https://www.google.com/search?q=Saratov+surface+area
676,676,Banghazi,314,km2,https://www.google.com/search?q=Banghazi+surface+area
677,677,Valencia,134.6,km2,https://www.google.com/search?q=Valencia+surface+area
678,678,Luzhou,12.234,km2,https://www.google.com/search?q=Luzhou+surface+area
679,679,Quebec City,484.1,km2,https://www.google.com/search?q=Quebec+City+surface+area
680,680,Yibin,13.294,km2,https://www.google.com/search?q=Yibin+surface+area
682,682,Ipoh,643,km2,https://www.google.com/search?q=Ipoh+surface+area
683,683,Winnipeg,464.1,km2,https://www.google.com/search?q=Winnipeg+surface+area
684,684,Bogra,2.899,km2,https://www.google.com/search?q=Bogra+surface+area
689,689,Newcastle upon Tyne,114,km2,https://www.google.com/search?q=Newcastle+upon+Tyne+surface+area
691,691,Thessaloniki,19.31,km2,https://www.google.com/search?q=Thessaloniki+surface+area
693,693,Bologna,140.9,km2,https://www.google.com/search?q=Bologna+surface+area
697,697,Barcelona-Puerto La Cruz,244,km2,https://www.google.com/search?q=Barcelona-Puerto+La+Cruz+surface+area
702,702,Cherthala,16.18,km2,https://www.google.com/search?q=Cherthala+surface+area
703,703,Quzhou,8.846,km2,https://www.google.com/search?q=Quzhou+surface+area
705,705,Sorocaba,450.4,km2,https://www.google.com/search?q=Sorocaba+surface+area
707,707,Enugu,7.161,km2,https://www.google.com/search?q=Enugu+surface+area
708,708,Nottingham,74.61,km2,https://www.google.com/search?q=Nottingham+surface+area
711,711,Xalapa,124.4,km2,https://www.google.com/search?q=Xalapa+surface+area
713,713,Frankfurt,248.3,km2,https://www.google.com/search?q=Frankfurt+surface+area
715,715,Nakhon Ratchasima,37.5,km2,https://www.google.com/search?q=Nakhon+Ratchasima+surface+area
716,716,Vereeniging,188.2,km2,https://www.google.com/search?q=Vereeniging+surface+area
718,718,Seattle,217,km2,https://www.google.com/search?q=Seattle+surface+area
720,720,Bozhou,8.523,km2,https://www.google.com/search?q=Bozhou+surface+area
721,721,Nellore,149,km2,https://www.google.com/search?q=Nellore+surface+area
722,722,Hamilton,1.138,km2,https://www.google.com/search?q=Hamilton+surface+area
725,725,Cagayan de Oro City,488.9,km2,https://www.google.com/search?q=Cagayan+de+Oro+City+surface+area
726,726,Krakow,327,km2,https://www.google.com/search?q=Krakow+surface+area
729,729,Gorakhpur,226.6,km2,https://www.google.com/search?q=Gorakhpur+surface+area
730,730,Dasmarinas,90.1,km2,https://www.google.com/search?q=Dasmarinas+surface+area
735,735,Ar-Rayyan,11.9,km2,https://www.google.com/search?q=Ar-Rayyan+surface+area
737,737,Cuttack,192.5,km2,https://www.google.com/search?q=Cuttack+surface+area
739,739,Denver,400.7,km2,https://www.google.com/search?q=Denver+surface+area
746,746,Qingyuan,19.153,km2,https://www.google.com/search?q=Qingyuan+surface+area
747,747,Banjarmasin,98.46,km2,https://www.google.com/search?q=Banjarmasin+surface+area
751,751,Lokoja,3.186,km2,https://www.google.com/search?q=Lokoja+surface+area
753,753,Kottayam,137.6,km2,https://www.google.com/search?q=Kottayam+surface+area
754,754,Belgaum,94,km2,https://www.google.com/search?q=Belgaum+surface+area
757,757,Sheffield,367.9,km2,https://www.google.com/search?q=Sheffield+surface+area
758,758,Zanzibar,2.461,km2,https://www.google.com/search?q=Zanzibar+surface+area
759,759,Gaza,365,km2,https://www.google.com/search?q=Gaza+surface+area
760,760,Zaragoza,973.8,km2,https://www.google.com/search?q=Zaragoza+surface+area
762,762,Zaporizhzhya,334,km2,https://www.google.com/search?q=Zaporizhzhya+surface+area
763,763,Malegaon,33.56,km2,https://www.google.com/search?q=Malegaon+surface+area
764,764,Sao Jose dos Campos,1.100,km2,https://www.google.com/search?q=Sao+Jose+dos+Campos+surface+area
765,765,Oshogbo,47,km2,https://www.google.com/search?q=Oshogbo+surface+area
770,770,Mangalore,132.4,km2,https://www.google.com/search?q=Mangalore+surface+area
771,771,Okayama,7.114,km2,https://www.google.com/search?q=Okayama+surface+area
772,772,Ribeirao Preto,650.916,km2,https://www.google.com/search?q=Ribeirao+Preto+surface+area
773,773,Xianyang Shaanxi,10.213,km2,https://www.google.com/search?q=Xianyang+Shaanxi+surface+area
774,774,Bunia,576,km2,https://www.google.com/search?q=Bunia+surface+area
775,775,Lviv,149,km2,https://www.google.com/search?q=Lviv+surface+area
778,778,Tongliao,58.863,km2,https://www.google.com/search?q=Tongliao+surface+area
780,780,Sialkot,19,km2,https://www.google.com/search?q=Sialkot+surface+area
782,782,Buffalo City,136,km2,https://www.google.com/search?q=Buffalo+City+surface+area
784,784,Suining Sichuan,5.326,km2,https://www.google.com/search?q=Suining+Sichuan+surface+area
788,788,Oaxaca de Juarez,85.48,km2,https://www.google.com/search?q=Oaxaca+de+Juarez+surface+area
789,789,Washington,184.666,km2,https://www.google.com/search?q=Washington+surface+area
790,790,Sargodha,155,km2,https://www.google.com/search?q=Sargodha+surface+area
791,791,Bhavnagar,108.3,km2,https://www.google.com/search?q=Bhavnagar+surface+area
792,792,Gold Coast,414.3,km2,https://www.google.com/search?q=Gold+Coast+surface+area
795,795,Florence,102.4,km2,https://www.google.com/search?q=Florence+surface+area
796,796,Jammu,167,km2,https://www.google.com/search?q=Jammu+surface+area
797,797,Yulin Shaanxi,43.578,km2,https://www.google.com/search?q=Yulin+Shaanxi+surface+area
798,798,Nanded Waghala,63.22,km2,https://www.google.com/search?q=Nanded+Waghala+surface+area
800,800,Tirupati,27.44,km2,https://www.google.com/search?q=Tirupati+surface+area
801,801,Bacoor,52.4,km2,https://www.google.com/search?q=Bacoor+surface+area
802,802,Malanje,2.422,km2,https://www.google.com/search?q=Malanje+surface+area
804,804,The Hague,98.13,km2,https://www.google.com/search?q=The+Hague+surface+area
807,807,Seville,140,km2,https://www.google.com/search?q=Seville+surface+area
808,808,Cotonou,79,km2,https://www.google.com/search?q=Cotonou+surface+area
809,809,Dongtai,3.176,km2,https://www.google.com/search?q=Dongtai+surface+area
813,813,Bali,5.780,km2,https://www.google.com/search?q=Bali+surface+area
815,815,Boston,232.1,km2,https://www.google.com/search?q=Boston+surface+area
818,818,Yuxi,15.285,km2,https://www.google.com/search?q=Yuxi+surface+area
819,819,Vientiane,3.920,km2,https://www.google.com/search?q=Vientiane+surface+area
820,820,Bristol,110,km2,https://www.google.com/search?q=Bristol+surface+area
821,821,Akure,991,km2,https://www.google.com/search?q=Akure+surface+area
825,825,Cheonan,636.2,km2,https://www.google.com/search?q=Cheonan+surface+area
826,826,Jundiai,431.2,km2,https://www.google.com/search?q=Jundiai+surface+area
827,827,Gulbarga,192,km2,https://www.google.com/search?q=Gulbarga+surface+area
829,829,Padova,92.85,km2,https://www.google.com/search?q=Padova+surface+area
830,830,Durgapur,154,km2,https://www.google.com/search?q=Durgapur+surface+area
831,831,Kurnool,69.51,km2,https://www.google.com/search?q=Kurnool+surface+area
832,832,El Paso,671.5,km2,https://www.google.com/search?q=El+Paso+surface+area
833,833,Nantes,65.19,km2,https://www.google.com/search?q=Nantes+surface+area
835,835,Zagreb,641,km2,https://www.google.com/search?q=Zagreb+surface+area
841,841,Nashville,1.362,km2,https://www.google.com/search?q=Nashville+surface+area
842,842,Genoa,243,km2,https://www.google.com/search?q=Genoa+surface+area
843,843,Ezhou,1.594,km2,https://www.google.com/search?q=Ezhou+surface+area
844,844,Santiago,641,km2,https://www.google.com/search?q=Santiago+surface+area
845,845,Mar Del Plata,79.48,km2,https://www.google.com/search?q=Mar+Del+Plata+surface+area
848,848,Lodz,293.2,km2,https://www.google.com/search?q=Lodz+surface+area
850,850,Oklahoma City,1.608,km2,https://www.google.com/search?q=Oklahoma+City+surface+area
852,852,Las Vegas,352,km2,https://www.google.com/search?q=Las+Vegas+surface+area
855,855,General Santos City,492.9,km2,https://www.google.com/search?q=General+Santos+City+surface+area
857,857,Detroit,370.1,km2,https://www.google.com/search?q=Detroit+surface+area
858,858,Manama,30,km2,https://www.google.com/search?q=Manama+surface+area
862,862,Portland,375.5,km2,https://www.google.com/search?q=Portland+surface+area
863,863,Sokoto,25.973,km2,https://www.google.com/search?q=Sokoto+surface+area
865,865,Macao,115.3,km2,https://www.google.com/search?q=Macao+surface+area
868,868,Zhoushan,1.378,km2,https://www.google.com/search?q=Zhoushan+surface+area
874,874,Jhansi,160,km2,https://www.google.com/search?q=Jhansi+surface+area
877,877,Memphis,789,km2,https://www.google.com/search?q=Memphis+surface+area
879,879,As-Suways,250.4,km2,https://www.google.com/search?q=As-Suways+surface+area
881,881,Doha,132,km2,https://www.google.com/search?q=Doha+surface+area
885,885,Chiclayo,174.5,km2,https://www.google.com/search?q=Chiclayo+surface+area
886,886,Wuhai,1.754,km2,https://www.google.com/search?q=Wuhai+surface+area
889,889,Be'er Sheva,117.5,km2,https://www.google.com/search?q=Be'er+Sheva+surface+area
890,890,Durango,10.041,km2,https://www.google.com/search?q=Durango+surface+area
891,891,Bokaro Steel City,183,km2,https://www.google.com/search?q=Bokaro+Steel+City+surface+area
892,892,Wroclaw,292.8,km2,https://www.google.com/search?q=Wroclaw+surface+area
893,893,Irkutsk,280,km2,https://www.google.com/search?q=Irkutsk+surface+area
894,894,Barnaul,321,km2,https://www.google.com/search?q=Barnaul+surface+area
895,895,Nay Pyi Taw,7.054,km2,https://www.google.com/search?q=Nay+Pyi+Taw+surface+area
896,896,Bulawayo,1.707,km2,https://www.google.com/search?q=Bulawayo+surface+area
898,898,Venezia,414.6,km2,https://www.google.com/search?q=Venezia+surface+area
899,899,Jambi,205.4,km2,https://www.google.com/search?q=Jambi+surface+area
901,901,Khabarovsk,383,km2,https://www.google.com/search?q=Khabarovsk+surface+area
903,903,Duesseldorf,217.4,km2,https://www.google.com/search?q=Duesseldorf+surface+area
904,904,Belfast,115,km2,https://www.google.com/search?q=Belfast+surface+area
906,906,Stuttgart,207.4,km2,https://www.google.com/search?q=Stuttgart+surface+area
910,910,Riga,304,km2,https://www.google.com/search?q=Riga+surface+area
911,911,Bandar Abbas,27.316,km2,https://www.google.com/search?q=Bandar+Abbas+surface+area
912,912,Kolhapur,66.82,km2,https://www.google.com/search?q=Kolhapur+surface+area
913,913,Bacolod,161.4,km2,https://www.google.com/search?q=Bacolod+surface+area
915,915,Ulyanovsk,622.5,km2,https://www.google.com/search?q=Ulyanovsk+surface+area
917,917,Al-Ain,15.100,km2,https://www.google.com/search?q=Al-Ain+surface+area
918,918,Bari,117,km2,https://www.google.com/search?q=Bari+surface+area
919,919,Yulin Guangxi,12.828,km2,https://www.google.com/search?q=Yulin+Guangxi+surface+area
920,920,Ajmer,8.481,km2,https://www.google.com/search?q=Ajmer+surface+area
921,921,Kuching,450,km2,https://www.google.com/search?q=Kuching+surface+area
922,922,Bissau,77,km2,https://www.google.com/search?q=Bissau+surface+area
924,924,Geneva,15.93,km2,https://www.google.com/search?q=Geneva+surface+area
926,926,Anshun,9.269,km2,https://www.google.com/search?q=Anshun+surface+area
927,927,Colombo,37.31,km2,https://www.google.com/search?q=Colombo+surface+area
930,930,Ujjain,151.8,km2,https://www.google.com/search?q=Ujjain+surface+area
931,931,Gothenburg,447.8,km2,https://www.google.com/search?q=Gothenburg+surface+area
933,933,Patiala,155.4,km2,https://www.google.com/search?q=Patiala+surface+area
934,934,Zahedan,55.7,km2,https://www.google.com/search?q=Zahedan+surface+area
935,935,Bilaspur,205,km2,https://www.google.com/search?q=Bilaspur+surface+area
936,936,Louisville,1.030,km2,https://www.google.com/search?q=Louisville+surface+area
937,937,San Jose del Monte,165.1,km2,https://www.google.com/search?q=San+Jose+del+Monte+surface+area
940,940,Yaroslavl,205,km2,https://www.google.com/search?q=Yaroslavl+surface+area
941,941,Brighton,82.79,km2,https://www.google.com/search?q=Brighton+surface+area
942,942,Feira De Santana,1.304,km2,https://www.google.com/search?q=Feira+De+Santana+surface+area
943,943,Vladivostok,331.2,km2,https://www.google.com/search?q=Vladivostok+surface+area
944,944,Comilla,3.087,km2,https://www.google.com/search?q=Comilla+surface+area
948,948,Calabar,406,km2,https://www.google.com/search?q=Calabar+surface+area
949,949,Mathura,39,km2,https://www.google.com/search?q=Mathura+surface+area
952,952,Skopje,571.5,km2,https://www.google.com/search?q=Skopje+surface+area
954,954,Tomsk,297.2,km2,https://www.google.com/search?q=Tomsk+surface+area
959,959,Leipzig,297.6,km2,https://www.google.com/search?q=Leipzig+surface+area
960,960,Agartala,76.51,km2,https://www.google.com/search?q=Agartala+surface+area
965,965,Mbeya,35.954,km2,https://www.google.com/search?q=Mbeya+surface+area
967,967,Kingston,450.4,km2,https://www.google.com/search?q=Kingston+surface+area
968,968,Sangli,118.2,km2,https://www.google.com/search?q=Sangli+surface+area
970,970,Samarkand,120,km2,https://www.google.com/search?q=Samarkand+surface+area
971,971,Malaga,398,km2,https://www.google.com/search?q=Malaga+surface+area
972,972,Ibague,1.439,km2,https://www.google.com/search?q=Ibague+surface+area
973,973,Dortmund,280.7,km2,https://www.google.com/search?q=Dortmund+surface+area
974,974,Kagoshima,547.6,km2,https://www.google.com/search?q=Kagoshima+surface+area
975,975,Cabimas,157,km2,https://www.google.com/search?q=Cabimas+surface+area
977,977,Milwaukee,250.7,km2,https://www.google.com/search?q=Milwaukee+surface+area
979,979,Samut Sakhon,10.33,km2,https://www.google.com/search?q=Samut+Sakhon+surface+area
981,981,Beira,633,km2,https://www.google.com/search?q=Beira+surface+area
985,985,Djibouti,23.200,km2,https://www.google.com/search?q=Djibouti+surface+area
986,986,Essen,210.3,km2,https://www.google.com/search?q=Essen+surface+area
988,988,Dresden,328.8,km2,https://www.google.com/search?q=Dresden+surface+area
990,990,Bouake,71.79,km2,https://www.google.com/search?q=Bouake+surface+area
992,992,Udaipur,37,km2,https://www.google.com/search?q=Udaipur+surface+area
994,994,Vellore,87.92,km2,https://www.google.com/search?q=Vellore+surface+area
997,997,Thoothukkudi,353,km2,https://www.google.com/search?q=Thoothukkudi+surface+area
998,998,Bloemfontein,236.2,km2,https://www.google.com/search?q=Bloemfontein+surface+area
1000,1000,Udon Thani,47.7,km2,https://www.google.com/search?q=Udon+Thani+surface+area
1002,1002,Jalgaon,68.24,km2,https://www.google.com/search?q=Jalgaon+surface+area
1004,1004,Zaoyang,3.277,km2,https://www.google.com/search?q=Zaoyang+surface+area
1005,1005,Yiyang Hunan,12.144,km2,https://www.google.com/search?q=Yiyang+Hunan+surface+area
1007,1007,Baltimore,239,km2,https://www.google.com/search?q=Baltimore+surface+area
1013,1013,Kitchener,136.9,km2,https://www.google.com/search?q=Kitchener+surface+area
1014,1014,Poza Rica de Hidalgo,64,km2,https://www.google.com/search?q=Poza+Rica+de+Hidalgo+surface+area
1015,1015,Oujda,96.4,km2,https://www.google.com/search?q=Oujda+surface+area
1018,1018,Orenburg,259,km2,https://www.google.com/search?q=Orenburg+surface+area
1021,1021,Kemerovo,294.8,km2,https://www.google.com/search?q=Kemerovo+surface+area
1022,1022,Bremen,326.7,km2,https://www.google.com/search?q=Bremen+surface+area
1023,1023,Karbala,43.7,km2,https://www.google.com/search?q=Karbala+surface+area
1028,1028,Kota Kinabalu,352.2,km2,https://www.google.com/search?q=Kota+Kinabalu+surface+area
1029,1029,Basel,23.91,km2,https://www.google.com/search?q=Basel+surface+area
1030,1030,Gomel,139.8,km2,https://www.google.com/search?q=Gomel+surface+area
1031,1031,Albuquerque,489.2,km2,https://www.google.com/search?q=Albuquerque+surface+area
1034,1034,Meknes,370,km2,https://www.google.com/search?q=Meknes+surface+area
1035,1035,Panipat,1.268,km2,https://www.google.com/search?q=Panipat+surface+area
1037,1037,Irbid,410,km2,https://www.google.com/search?q=Irbid+surface+area
1040,1040,Chiang Rai,60.85,km2,https://www.google.com/search?q=Chiang+Rai+surface+area
1042,1042,Leicester,73.3,km2,https://www.google.com/search?q=Leicester+surface+area
1046,1046,Tucson,587.2,km2,https://www.google.com/search?q=Tucson+surface+area
1047,1047,Imus,171.7,km2,https://www.google.com/search?q=Imus+surface+area
1048,1048,Villavicencio,1.338,km2,https://www.google.com/search?q=Villavicencio+surface+area
1049,1049,Sakarya,650,km2,https://www.google.com/search?q=Sakarya+surface+area
1052,1052,Utrecht,99.21,km2,https://www.google.com/search?q=Utrecht+surface+area
1055,1055,Larkana,82,km2,https://www.google.com/search?q=Larkana+surface+area
1056,1056,Basilan City,1.234,km2,https://www.google.com/search?q=Basilan+City+surface+area
1060,1060,Hamhung,330,km2,https://www.google.com/search?q=Hamhung+surface+area
1063,1063,Port of Spain,12,km2,https://www.google.com/search?q=Port+of+Spain+surface+area
1064,1064,Kerman,238.8,km2,https://www.google.com/search?q=Kerman+surface+area
1065,1065,Abeokuta,879,km2,https://www.google.com/search?q=Abeokuta+surface+area
1066,1066,Mekele,24.44,km2,https://www.google.com/search?q=Mekele+surface+area
1068,1068,Edinburgh,264,km2,https://www.google.com/search?q=Edinburgh+surface+area
1070,1070,San Juan,199.4,km2,https://www.google.com/search?q=San+Juan+surface+area
1071,1071,Ryazan,224.2,km2,https://www.google.com/search?q=Ryazan+surface+area
1072,1072,Vilnius,401,km2,https://www.google.com/search?q=Vilnius+surface+area
1074,1074,Calamba,144.8,km2,https://www.google.com/search?q=Calamba+surface+area
1076,1076,Hannover,204,km2,https://www.google.com/search?q=Hannover+surface+area
1077,1077,Fresno,300.4,km2,https://www.google.com/search?q=Fresno+surface+area
1085,1085,Astrakhan,208.7,km2,https://www.google.com/search?q=Astrakhan+surface+area
1088,1088,Bellary,89.95,km2,https://www.google.com/search?q=Bellary+surface+area
1090,1090,Pietermaritzburg,126.2,km2,https://www.google.com/search?q=Pietermaritzburg+surface+area
1091,1091,Rustenburg,3.423,km2,https://www.google.com/search?q=Rustenburg+surface+area
1097,1097,Sheikhupura,75,km2,https://www.google.com/search?q=Sheikhupura+surface+area
1099,1099,Grenoble,18.13,km2,https://www.google.com/search?q=Grenoble+surface+area
1102,1102,Angeles City,60.27,km2,https://www.google.com/search?q=Angeles+City+surface+area
1103,1103,Gombe,35,km2,https://www.google.com/search?q=Gombe+surface+area
1105,1105,Poznan,261.8,km2,https://www.google.com/search?q=Poznan+surface+area
1111,1111,Kikwit,92,km2,https://www.google.com/search?q=Kikwit+surface+area
1114,1114,Cuautla Morelos,153.7,km2,https://www.google.com/search?q=Cuautla+Morelos+surface+area
1116,1116,Kalasin,16.96,km2,https://www.google.com/search?q=Kalasin+surface+area
1118,1118,Atlanta,353,km2,https://www.google.com/search?q=Atlanta+surface+area
1123,1123,Rupganj,248,km2,https://www.google.com/search?q=Rupganj+surface+area
1124,1124,Penza,304.6,km2,https://www.google.com/search?q=Penza+surface+area
1127,1127,Porto Velho,34.091,km2,https://www.google.com/search?q=Porto+Velho+surface+area
1130,1130,Chuxiong,4.482,km2,https://www.google.com/search?q=Chuxiong+surface+area
1132,1132,Duisburg,232.8,km2,https://www.google.com/search?q=Duisburg+surface+area
1134,1134,Muzaffarpur,28.68,km2,https://www.google.com/search?q=Muzaffarpur+surface+area
1138,1138,Changge,650,km2,https://www.google.com/search?q=Changge+surface+area
1140,1140,Kuantan,324,km2,https://www.google.com/search?q=Kuantan+surface+area
1143,1143,Kandahar,273.4,km2,https://www.google.com/search?q=Kandahar+surface+area
1144,1144,Nurenberg,186.5,km2,https://www.google.com/search?q=Nurenberg+surface+area
1145,1145,London CA,420.6,km2,https://www.google.com/search?q=London+CA+surface+area
1147,1147,Bournemouth,46.18,km2,https://www.google.com/search?q=Bournemouth+surface+area
1149,1149,Khon-Kaen,46,km2,https://www.google.com/search?q=Khon-Kaen+surface+area
1150,1150,Cheboksary,251,km2,https://www.google.com/search?q=Cheboksary+surface+area
1154,1154,Lipetsk,330.2,km2,https://www.google.com/search?q=Lipetsk+surface+area
1157,1157,Arusha,37.576,km2,https://www.google.com/search?q=Arusha+surface+area
1158,1158,Murcia,881.9,km2,https://www.google.com/search?q=Murcia+surface+area
1161,1161,Tirana,41.8,km2,https://www.google.com/search?q=Tirana+surface+area
1162,1162,Surat Thani,12.891,km2,https://www.google.com/search?q=Surat+Thani+surface+area
1163,1163,Kansas City,826.3,km2,https://www.google.com/search?q=Kansas+City+surface+area
